<?xml version="1.0" encoding="ISO-8859-1"?>
<figures>
    <figure>
        <shape>triangle</shape>
        <colour>red</colour>
    </figure>
    <figure>
        <shape>square</shape>
        <colour>red</colour>
    </figure>
    <figure>
        <shape>circle</shape>
        <colour>red</colour>
    </figure>
    <figure>
        <shape>triangle</shape>
        <colour>yellow</colour>
    </figure>
    <figure>
        <shape>square</shape>
        <colour>yellow</colour>
    </figure>
    <figure>
        <shape>circle</shape>
        <colour>yellow</colour>
    </figure>
    <figure>
        <shape>triangle</shape>
        <colour>blue</colour>
    </figure>
    <figure>
        <shape>square</shape>
        <colour>blue</colour>
    </figure>
    <figure>
        <shape>circle</shape>
        <colour>blue</colour>
    </figure>
    <figure>
        <shape>triangle</shape>
        <colour>green</colour>
    </figure>
    <figure>
        <shape>square</shape>
        <colour>green</colour>
    </figure>
    <figure>
        <shape>circle</shape>
        <colour>green</colour>
    </figure>
    <figure>
        <shape>triangle</shape>
        <colour>white</colour>
    </figure>
    <figure>
        <shape>square</shape>
        <colour>white</colour>
    </figure>
    <figure>
        <shape>circle</shape>
        <colour>white</colour>
    </figure>
</figures>
